"id","Source","Target"
1,William Aldam,x Fox
2,William Jun Aldam,x Fox
3,Frederick Alexander,R D Alexander
4,G W Alexander,R D Alexander
5,Henry Alexander,R D Alexander
9,R D Alexander,John M Candler
10,Thomas Allis,James Jun Backhouse
11,Thomas Allis,Francis Brown
12,Thomas Allis,Septimus Warner
13,R Arthington,J Gurney Barclay
14,R Jun Arthington,J Gurney Barclay
15,R Jun Arthington,Charles L Braithwaite
16,R Jun Arthington,J Cudworth
17,R Jun Arthington,Gurney Pease
18,R Jun Arthington,Susan Pease
19,R Jun Arthington,F J Walker
20,R Jun Arthington,Isaac Wilson
21,R Jun Arthington,John E Wilson
23,Edward Ash,Edward Jun Backhouse
24,Edward Ash,Paul Bevan
25,Edward Ash,Thomas Pease
28,C Ashby,Robert Horne
29,C Ashby,Edward C May
30,C Ashby,Francis May
31,C Ashby,W Dillwyn Sims
32,C Ashby,Francis Tuckett
33,C Ashby,P Debell Tuckett
37,Alfred Backhouse,Edward North Buxton
39,Alfred Backhouse,Anna Gurney
42,Alfred Backhouse,John Gurney
43,Alfred Backhouse,Samuel Gurney
47,Alfred Backhouse,Andrew Johnston
48,Alfred Backhouse,Andrew & Jun Johnston
51,Catherine Backhouse,R C Barrow
52,Catherine Backhouse,James Cadbury
53,Catherine Backhouse,Thomas Pease
54,Catherine Backhouse,Alfred Waterhouse
57,Edmund Backhouse,James Jun Backhouse
59,Edmund Backhouse,Edward North Buxton
61,Edmund Backhouse,Joseph Crosfield
62,Edmund Backhouse,Francis E Fox
65,Edmund Backhouse,Anna Gurney
66,Edmund Backhouse,Henry E Gurney
69,Edmund Backhouse,John Gurney
70,Edmund Backhouse,Samuel Gurney
72,Edmund Backhouse,Andrew Johnston
73,Edmund Backhouse,Andrew & Jun Johnston
74,Edmund Backhouse,Henry Fell Pease
75,Edmund Backhouse,John Pease
76,Edmund Backhouse,John B Pease
77,Edmund Backhouse,Thomas Pease
80,Edmund Backhouse,J S Robson
83,Edward Backhouse,William Jun Aldam
84,Edward Backhouse,James Jun Backhouse
85,Edward Backhouse,Antonio Brady
86,Edward Backhouse,G S Brady
87,Edward Backhouse,Henry Brady
88,Edward Backhouse,John Ford
89,Edward Backhouse,William Fowler
90,Edward Backhouse,Francis E Fox
91,Edward Backhouse,Francis Gibson
92,Edward Backhouse,Samuel King
93,Edward Backhouse,Arthur Pease
94,Edward Backhouse,Edward Pease
95,Edward Backhouse,Gurney Pease
96,Edward Backhouse,Henry Fell Pease
97,Edward Backhouse,John Pease
98,Edward Backhouse,John B Pease
99,Edward Backhouse,Joseph Pease
100,Edward Backhouse,Joseph Whitwell Pease
101,Edward Backhouse,Susan Pease
102,Edward Backhouse,Thomas Pease
103,Edward Backhouse,Edward Priestman (2)
104,Edward Backhouse,Isaac Robson
105,Edward Backhouse,J S Robson
106,Edward Backhouse,Samuel Rosling
107,Edward Backhouse,John Rowntree
108,Edward Backhouse,Edward Smith
109,Edward Backhouse,Richard Smith
110,Edward Backhouse,Charles Wilson
111,Edward Backhouse,Joshua Wilson
116,Edward Jun Backhouse,James Jun Backhouse
117,Edward Jun Backhouse,Christopher Bowley
119,Edward Jun Backhouse,Francis E Fox
121,Edward Jun Backhouse,Arthur Pease
122,Edward Jun Backhouse,Edward Pease
123,Edward Jun Backhouse,Gurney Pease
124,Edward Jun Backhouse,Henry Fell Pease
125,Edward Jun Backhouse,John Pease
126,Edward Jun Backhouse,John B Pease
127,Edward Jun Backhouse,Joseph Pease
128,Edward Jun Backhouse,Joseph Whitwell Pease
129,Edward Jun Backhouse,Susan Pease
130,Edward Jun Backhouse,Thomas Pease
133,Edward Jun Backhouse,Isaac Robson
134,Edward Jun Backhouse,J S Robson
137,Edward Jun Backhouse,Caleb Williams
138,James (1) Backhouse,Edmund Backhouse
140,James (1) Backhouse,Edward Jun Backhouse
141,James (1) Backhouse,John Church Backhouse
142,James (1) Backhouse,Eliza Barclay
143,James (1) Backhouse,David Dale
144,James (1) Backhouse,Cornelius x Jun Hanbury
145,James (1) Backhouse,John Hodgkin
146,James (1) Backhouse,Samuel King
147,James (1) Backhouse,Edward Priestman (2)
148,James (1) Backhouse,Edward Richardson
149,James (1) Backhouse,J H Tuke
155,James Jun Backhouse,Christopher Bowley
157,James Jun Backhouse,R Barclay Fox
159,James Jun Backhouse,John Hodgkin
162,James Jun Backhouse,Caleb Williams
167,John Church Backhouse,Eliza Barclay
168,John Church Backhouse,Christopher Bowley
169,John Church Backhouse,Joseph Crosfield
172,John Church Backhouse,Francis E Fox
174,John Church Backhouse,A Janson
175,John Church Backhouse,William Janson
176,John Church Backhouse,Arthur Pease
177,John Church Backhouse,Edward Pease
178,John Church Backhouse,Gurney Pease
179,John Church Backhouse,Henry Fell Pease
180,John Church Backhouse,John Pease
181,John Church Backhouse,John B Pease
182,John Church Backhouse,Joseph Pease
183,John Church Backhouse,Joseph Whitwell Pease
184,John Church Backhouse,Susan Pease
186,John Church Backhouse,Thomas Pease
188,John Church Backhouse,Jane Reynolds
190,John Church Backhouse,Isaac Robson
191,John Church Backhouse,J S Robson
193,Jonathan Backhouse,James Jun Backhouse
194,J E Baker,G R Pumphrey
196,A P Balkwill,Daniel P Hack
198,William Ball,Jane Reynolds
199,Abram Rawlinson Barclay,Paul Bevan
201,Abram Rawlinson Barclay,Edward North Buxton
203,Abram Rawlinson Barclay,R Barclay Fox
207,Abram Rawlinson Barclay,Samuel Gurney
208,Abram Rawlinson Barclay,Cornelius Hanbury
209,Abram Rawlinson Barclay,Cornelius x Jun Hanbury
210,Abram Rawlinson Barclay,Daniel Bell Hanbury
214,Abram Rawlinson Barclay,Andrew Johnston
215,Abram Rawlinson Barclay,Andrew & Jun Johnston
218,Eliza Barclay,Christopher Bowley
219,Eliza Barclay,Joseph Crosfield
222,Eliza Barclay,Francis E Fox
224,Eliza Barclay,Cornelius x Jun Hanbury
225,Eliza Barclay,A Janson
226,Eliza Barclay,William Janson
228,Eliza Barclay,Edward Pease
229,Eliza Barclay,Gurney Pease
230,Eliza Barclay,Henry Fell Pease
231,Eliza Barclay,John Pease
232,Eliza Barclay,John B Pease
233,Eliza Barclay,Joseph Pease
234,Eliza Barclay,Joseph Whitwell Pease
235,Eliza Barclay,Susan Pease
236,Eliza Barclay,Thomas Pease
238,Eliza Barclay,Jane Reynolds
239,Eliza Barclay,J S Robson
241,Eliza Barclay,J H Tuke
242,Eliza Barclay,Caleb Williams
251,J Gurney Barclay,Anna Gurney
253,J Gurney Barclay,John Gurney
254,J Gurney Barclay,Samuel Gurney
256,J Gurney Barclay,Andrew Johnston
257,J Gurney Barclay,Andrew & Jun Johnston
258,Robert Barclay,Robert Bevan
259,Robert Barclay,Charles Brewin
261,Robert Barclay,Edward North Buxton
262,Robert Barclay,Thomas Fowell Buxton
263,Robert Barclay,R Barclay Fox
264,Robert Barclay,Robert Were Fox
265,Robert Barclay,x Fox
266,Robert Barclay,William Jun Grimshaw
268,Robert Barclay,John Gurney
269,Robert Barclay,Samuel Gurney
270,Robert Barclay,Cornelius Hanbury
271,Robert Barclay,Cornelius x Jun Hanbury
272,Robert Barclay,Daniel Bell Hanbury
273,Robert Barclay,George Head
274,Robert Barclay,Sarah Head
275,Robert Barclay,Gurney Hoare
276,Robert Barclay,Andrew Johnston
277,Robert Barclay,Andrew & Jun Johnston
279,John Beaumont,Henry Fell Pease
283,Rebecca Beaumont,S Braithwaite
284,Rebecca Beaumont,James Cropper
285,Rebecca Beaumont,John Cropper
286,Rebecca Beaumont,Lucy Darby
287,Rebecca Beaumont,Barnard Dickinson
288,Rebecca Beaumont,Rachel Fowler
290,Rebecca Beaumont,Thomas Fowler
292,Rebecca Beaumont,Alfred L Fox
295,Rebecca Beaumont,Henry E Gurney
297,Rebecca Beaumont,John Jowett
298,Rebecca Beaumont,Edward A Leatham
299,Rebecca Beaumont,Wilson Lloyd
300,Rebecca Beaumont,Arthur Pease
301,Rebecca Beaumont,Edward Pease
302,Rebecca Beaumont,Gurney Pease
303,Rebecca Beaumont,Henry Fell Pease
304,Rebecca Beaumont,John Pease
305,Rebecca Beaumont,Joseph Pease
306,Rebecca Beaumont,Joseph Whitwell Pease
307,Rebecca Beaumont,Charles Sturge
312,Deborah Beesley,Daniel P Hack
314,Deborah Beesley,Reuben C Payne
315,Eliza Bell,Edward North Buxton
316,Eliza Bell,Thomas Fowell Buxton
317,Eliza Bell,Henry E Gurney
318,Eliza Bell,John Gurney
319,Eliza Bell,Samuel Gurney
320,Eliza Bell,George Head
321,Eliza Bell,John Hills
322,Frederick J Bell,Edward North Buxton
323,Frederick J Bell,Thomas Fowell Buxton
324,Frederick J Bell,Henry E Gurney
325,Frederick J Bell,John Gurney
326,Frederick J Bell,Samuel Gurney
327,Frederick J Bell,George Head
328,Frederick J Bell,Sarah Head
329,S S Bell,Edward North Buxton
330,S S Bell,Thomas Fowell Buxton
331,S S Bell,Henry E Gurney
332,S S Bell,John Gurney
333,S S Bell,Samuel Gurney
334,S S Bell,George Head
335,S S Bell,Sarah Head
336,John Bell,Edward North Buxton
338,John Bell,Henry E Gurney
339,John Bell,John Gurney
340,John Bell,Samuel Gurney
345,Paul Bevan,Robert Bevan
346,Paul Bevan,Robert Charleton
349,Paul Bevan,Alfred L Fox
351,Paul Bevan,Francis E Fox
352,Paul Bevan,Frederick H Fox
353,Paul Bevan,J G Fox
354,Paul Bevan,R Barclay Fox
357,Paul Bevan,Edward James
359,Paul Bevan,Joseph Whitwell Pease
361,Paul Bevan,Nathaniel Tregellis
362,Paul Bevan,Francis Tuckett
367,Robert Bevan,Edward North Buxton
369,Robert Bevan,R Barclay Fox
372,Robert Bevan,Henry E Gurney
374,Robert Bevan,John Gurney
375,Robert Bevan,Samuel Gurney
376,Robert Bevan,Cornelius Hanbury
377,Robert Bevan,Cornelius x Jun Hanbury
378,Robert Bevan,Daniel Bell Hanbury
382,Robert Bevan,Edward James
383,Robert Bevan,Andrew Johnston
384,Robert Bevan,Andrew & Jun Johnston
387,J Binyon,James Cropper
388,J Binyon,John Cropper
389,J Binyon,John Jowett
390,Thomas Binyon,James Cropper
391,Thomas Binyon,John Cropper
392,Thomas Binyon,John Jowett
394,S Birchall,Christopher Bowley
396,S Birchall,J Cudworth
397,S Birchall,Frederick Fryer
399,S Birchall,John Jowett
401,S Birchall,Gurney Pease
402,S Birchall,John Pease
403,E L Birkbeck,Robert Bevan
404,E L Birkbeck,Charles Brewin
406,E L Birkbeck,Edward North Buxton
407,E L Birkbeck,Thomas Fowell Buxton
408,E L Birkbeck,R Barclay Fox
409,E L Birkbeck,Robert Were Fox
411,E L Birkbeck,John Gurney
412,E L Birkbeck,Samuel Gurney
413,E L Birkbeck,Cornelius Hanbury
414,E L Birkbeck,Cornelius x Jun Hanbury
415,E L Birkbeck,Daniel Bell Hanbury
416,E L Birkbeck,George Head
417,E L Birkbeck,Sarah Head
418,E L Birkbeck,Gurney Hoare
419,E L Birkbeck,Andrew Johnston
420,E L Birkbeck,Andrew & Jun Johnston
421,H Birkbeck,Rebecca Beaumont
423,H Birkbeck,Edward North Buxton
424,H Birkbeck,Thomas Fowell Buxton
425,H Birkbeck,Elizabeth G Dimsdale
426,H Birkbeck,Robert Were Fox
427,H Birkbeck,x Fox
428,H Birkbeck,John Gurney
429,H Birkbeck,Samuel Gurney
430,H Birkbeck,George Head
431,H Birkbeck,Sarah Head
432,H Birkbeck,Gurney Hoare
433,H Birkbeck,Andrew Johnston
434,H Birkbeck,Andrew & Jun Johnston
435,H Birkbeck,Thomas Pease
444,Christopher Bowley,Robert Brewin
445,Christopher Bowley,Martha Lucas
446,Christopher Bowley,Samuel Lucas
447,Christopher Bowley,William Jun Lucas
448,Elizabeth Bowley,Christopher Bowley
450,Lucy Bradshaw,J S Robson
451,Lucy Bradshaw,P Debell Tuckett
453,Antonio Brady,Edward Jun Backhouse
455,G S Brady,John Barton Hack
456,G S Brady,Samuel Rosling
457,G S Brady,John Rowntree
459,G S Brady,William Tanner
461,Henry Brady,Sarah Hotham
462,Henry Brady,John S Rowntree
464,Charles L Braithwaite,Rebecca Beaumont
465,Charles L Braithwaite,S Birchall
467,Charles L Braithwaite,Edward North Buxton
468,Charles L Braithwaite,Thomas Fowell Buxton
469,Charles L Braithwaite,Josiah Forster
470,Charles L Braithwaite,Robert Forster
471,Charles L Braithwaite,William Forster
472,Charles L Braithwaite,Joseph Talwin Foster
475,Charles L Braithwaite,Alfred L Fox
476,Charles L Braithwaite,Henry Fox
477,Charles L Braithwaite,Francis Gibson
479,Charles L Braithwaite,W G Gibson
480,Charles L Braithwaite,Anna Gurney
482,Charles L Braithwaite,Andrew Johnston
483,Charles L Braithwaite,Andrew & Jun Johnston
484,Charles L Braithwaite,Wilson Lloyd
485,Charles L Braithwaite,Arthur Pease
486,Charles L Braithwaite,Edward Pease
487,Charles L Braithwaite,Gurney Pease
488,Charles L Braithwaite,Henry Fell Pease
489,Charles L Braithwaite,John Pease
490,Charles L Braithwaite,Joseph Pease
491,Charles L Braithwaite,Joseph Whitwell Pease
492,Charles L Braithwaite,George Stacey
493,Charles L Braithwaite,John E Wilson
496,Joseph B Braithwaite,Edward North Buxton
498,Joseph B Braithwaite,W S Clark
505,Joseph B Braithwaite,Alfred L Fox
510,Joseph B Braithwaite,Anna Gurney
512,Joseph B Braithwaite,Andrew Johnston
513,Joseph B Braithwaite,Andrew & Jun Johnston
514,Joseph B Braithwaite,Wilson Lloyd
515,Joseph B Braithwaite,Arthur Pease
516,Joseph B Braithwaite,Edward Pease
517,Joseph B Braithwaite,Gurney Pease
518,Joseph B Braithwaite,Henry Fell Pease
519,Joseph B Braithwaite,John Pease
520,Joseph B Braithwaite,Joseph Pease
521,Joseph B Braithwaite,Joseph Whitwell Pease
523,Joseph B Braithwaite,John E Wilson
525,L Braithwaite,Rebecca Beaumont
526,L Braithwaite,S Braithwaite
527,L Braithwaite,W D Crewdson
530,L Braithwaite,Alfred L Fox
531,L Braithwaite,Henry Fox
532,L Braithwaite,Robert Howard
533,L Braithwaite,John Jowett
535,L Braithwaite,Wilson Lloyd
536,L Braithwaite,Joseph Whitwell Pease
537,L Braithwaite,George Stacey
541,S Braithwaite,Edward North Buxton
543,S Braithwaite,W S Clark
550,S Braithwaite,Alfred L Fox
555,S Braithwaite,Anna Gurney
557,S Braithwaite,Andrew Johnston
558,S Braithwaite,Andrew & Jun Johnston
559,S Braithwaite,Wilson Lloyd
560,S Braithwaite,Arthur Pease
561,S Braithwaite,Edward Pease
562,S Braithwaite,Gurney Pease
563,S Braithwaite,Henry Fell Pease
564,S Braithwaite,John Pease
565,S Braithwaite,Joseph Pease
566,S Braithwaite,Joseph Whitwell Pease
568,S Braithwaite,John E Wilson
573,Francis Brown,Marriage Wallis
574,Francis Brown,F Woodhead
577,Isaac Brown,Gopsill Brown
578,W W Brown,Joseph Sterry
583,Henry Burlingham,R D Catchpool
584,Henry Burlingham,Alexander Grace
586,Henry Burlingham,George Palmer
588,Henry Burlingham,William Tanner
589,Charles Buxton,Alfred Backhouse
590,Charles Buxton,Edmund Backhouse
591,Charles Buxton,Abram Rawlinson Barclay
592,Charles Buxton,J Gurney Barclay
593,Charles Buxton,Robert Barclay
594,Charles Buxton,Robert Bevan
595,Charles Buxton,E L Birkbeck
596,Charles Buxton,H Birkbeck
597,Charles Buxton,Charles L Braithwaite
598,Charles Buxton,Joseph B Braithwaite
599,Charles Buxton,S Braithwaite
600,Charles Buxton,William Fowler
601,Charles Buxton,Robert Were Fox
602,Charles Buxton,Anna Gurney
603,Charles Buxton,Cornelius Hanbury
604,Charles Buxton,Cornelius x Jun Hanbury
605,Charles Buxton,Daniel Bell Hanbury
606,Charles Buxton,John Hodgkin
607,Charles Buxton,Arthur Pease
608,Charles Buxton,Edward Pease
609,Charles Buxton,Gurney Pease
610,Charles Buxton,Joseph Pease
611,Charles Buxton,Joseph Whitwell Pease
629,Edward North Buxton,Anna Gurney
630,Edward North Buxton,Cornelius Hanbury
631,Edward North Buxton,Cornelius x Jun Hanbury
632,Edward North Buxton,Daniel Bell Hanbury
633,Edward North Buxton,John Hodgkin
634,Edward North Buxton,Arthur Pease
635,Edward North Buxton,Edward Pease
636,Edward North Buxton,Gurney Pease
637,Edward North Buxton,Joseph Pease
638,Edward North Buxton,Joseph Whitwell Pease
639,Thomas Fowell Buxton,Alfred Backhouse
640,Thomas Fowell Buxton,Edmund Backhouse
641,Thomas Fowell Buxton,Abram Rawlinson Barclay
642,Thomas Fowell Buxton,J Gurney Barclay
647,Thomas Fowell Buxton,John Bell
648,Thomas Fowell Buxton,Robert Bevan
652,Thomas Fowell Buxton,Joseph B Braithwaite
653,Thomas Fowell Buxton,S Braithwaite
654,Thomas Fowell Buxton,Joseph Talwin Foster
657,Thomas Fowell Buxton,Alfred L Fox
658,Thomas Fowell Buxton,Robert Howard
660,Thomas Fowell Buxton,Wilson Lloyd
661,Thomas Fowell Buxton,Joseph Whitwell Pease
668,James Cadbury,Isaac Robson
670,James Cadbury,F Seebohm
674,John M Candler,Frederick H Fox
676,John M Candler,Thomas Maw
677,John M Candler,William Norton
678,John M Candler,Algernon Peckover
679,Joseph Cash,Josiah Newman
680,Newman Cash,Josiah Newman
683,R D Catchpool,J Doubleday
684,R D Catchpool,R Doubleday
686,W Catchpool,R D Catchpool
687,W Catchpool,Charles Hicks
690,Elizabeth Charelton,Alfred L Fox
691,Elizabeth Charelton,Francis E Fox
692,Elizabeth Charelton,J G Fox
693,Elizabeth Charelton,R Barclay Fox
695,Elizabeth Charelton,Charles Gillett
697,Elizabeth Charelton,Joseph Whitwell Pease
699,Elizabeth Charelton,Francis Tuckett
703,x Charleton,Alfred L Fox
704,x Charleton,Francis E Fox
705,x Charleton,Charles Gillett
706,x Charleton,Thomas Maw
707,x Charleton,William Norton
708,x Charleton,Nathaniel Tregellis
709,x Charleton,Alfred Waterhouse
710,x Charleton,Mary Waterhouse
711,Henry Christy,Daniel Bell Hanbury
712,Henry Christy,Henry Fell Pease
713,Richard Christy,Daniel Bell Hanbury
714,Richard Christy,Henry Fell Pease
719,Cyrus Clark,George Palmer
721,Cyrus Clark,Isaac Pitt
722,Cyrus Clark,Walter Sturge
727,James Clark (2),George Palmer
729,James Clark (2),Isaac Pitt
730,James Clark (2),Walter Sturge
735,Joseph Clark,George Palmer
737,Joseph Clark,Isaac Pitt
738,Joseph Clark,Walter Sturge
747,W S Clark,George Palmer
749,W S Clark,Edward Pease
750,W S Clark,Isaac Pitt
751,W S Clark,Charles Sturge
752,W S Clark,Edmund Sturge
753,W S Clark,George Sturge
756,W S Clark,Samuel Sturge
757,W S Clark,Thomas M Sturge
758,W S Clark,John Whiting
760,C Clothier,John M Albright
763,C Clothier,W S Clark
764,C Clothier,Robert Were Fox
765,C Clothier,John Gayner
766,C Clothier,Edward Pease
767,C Clothier,Isaac Pitt
768,C Clothier,Edmund Sturge
769,C Clothier,Walter Sturge
770,C Clothier,John Whiting
771,Joseph Cooper,W Dillwyn Sims
776,J H Cotterell,Edward Pease
777,J H Cotterell,Isaac Pitt
778,J H Cotterell,Charles Sturge
779,J H Cotterell,Edmund Sturge
780,J H Cotterell,George Sturge
781,J H Cotterell,H J Sturge
784,J H Cotterell,Samuel Sturge
785,J H Cotterell,Thomas M Sturge
786,J H Cotterell,John Whiting
788,W D Crewdson,James Cropper
789,W D Crewdson,John Cropper
790,W D Crewdson,Barnard Dickinson
791,W D Crewdson,Rachel Fowler
793,W D Crewdson,Thomas Fowler
798,W D Crewdson,Henry E Gurney
801,W D Crewdson,Edward A Leatham
803,W D Crewdson,Gurney Pease
804,W D Crewdson,John Pease
805,W D Crewdson,Joseph Pease
807,W D Crewdson,Charles Sturge
811,Ann Cropper,John Jowett
817,James Cropper,William Crosfield
826,George Crosfield,Isaac Pitt
827,George Crosfield,John Whiting
832,William Crosfield,Isaac Pitt
833,William Crosfield,John Whiting
834,Joseph Crosland,Frederick Fryer
835,Joseph Crosland,Thomas Harvey
836,Joseph Crosland,Josiah Newman
837,Joseph Crosland,John Pease
838,Joseph Crosland,Thomas Pease
840,A Crowley,W Dillwyn Sims
842,Frederick Crowley,Robert Horne
843,Frederick Crowley,Edward C May
844,Frederick Crowley,Francis May
845,Frederick Crowley,W Dillwyn Sims
846,Frederick Crowley,Elizabeth Tuckett
847,Frederick Crowley,Francis Tuckett
849,Frederick Crowley,P Debell Tuckett
851,J Cudworth,Frederick Fryer
852,J Cudworth,John Jowett
854,J Cudworth,Gurney Pease
855,J Cudworth,John Pease
856,J Cudworth,Thomas Pease
858,J Cudworth,John E Wilson
860,William Cudworth,A Janson
861,William Cudworth,J H Tuke
862,A Dale,John Ford
863,A Dale,Francis E Fox
864,A Dale,Francis Gibson
865,A Dale,Arthur Pease
866,A Dale,Edward Pease
867,A Dale,Gurney Pease
868,A Dale,Henry Fell Pease
869,A Dale,John Pease
870,A Dale,Joseph Pease
871,A Dale,Joseph Whitwell Pease
872,A Dale,Susan Pease
873,A Dale,Thomas Pease
874,A Dale,Edward Priestman (2)
875,A Dale,Isaac Robson
876,A Dale,J S Robson
877,A Dale,Edward Smith
879,David Dale,William Jun Aldam
881,David Dale,James Jun Backhouse
884,Samuel Darton,John Whiting
890,Barnard Dickinson,Alfred L Fox
894,Barnard Dickinson,Henry E Gurney
897,Barnard Dickinson,John Jowett
899,Barnard Dickinson,Edward A Leatham
901,Barnard Dickinson,Wilson Lloyd
902,Barnard Dickinson,Arthur Pease
903,Barnard Dickinson,Gurney Pease
904,Barnard Dickinson,Henry Fell Pease
905,Barnard Dickinson,John Pease
906,Barnard Dickinson,Joseph Pease
907,Barnard Dickinson,Joseph Whitwell Pease
910,Barnard Dickinson,John E Wilson
913,Elizabeth G Dimsdale,Henry E Gurney
915,Elizabeth G Dimsdale,John Gurney
916,Elizabeth G Dimsdale,Samuel Gurney
919,Elizabeth G Dimsdale,Thomas Pease
920,John Dodshon,Alfred Kitching
921,John Dodshon,Edward Priestman (2)
922,Daniel Doncaster,Edward Priestman (2)
923,Daniel Doncaster,John Rowntree
926,A Ellis,John Church Backhouse
927,A Ellis,Wilson Burgess
928,A Ellis,James Cropper
929,A Ellis,John Cropper
930,A Ellis,Joseph Sturge
940,William Exton,Burwood Godlee
941,William Exton,Edmund Sturge
942,Joseph Farden,Samuel Rutter
944,John Fell,John M Albright
947,John Fell,William Exton
948,John Fell,Henry Fell Pease
950,Mary Fell,Burwood Godlee
951,Mary Fell,Edward A Leatham
952,Mary Fell,Frederick Lucas
953,Mary Fell,R P Rickman
954,Mary Fell,Edward Pease
955,Abraham Fisher,Charles Gillett
956,Caleb Fletcher,Henry Fell Pease
957,Caleb Fletcher,Joseph Pease
958,Caleb Fletcher,John S Rowntree
961,John Ford,Edmund Backhouse
963,John Ford,Edward Jun Backhouse
964,John Ford,John Church Backhouse
965,John Ford,Eliza Barclay
968,Josiah Forster,Joseph B Braithwaite
969,Josiah Forster,S Braithwaite
970,Josiah Forster,Barnard Dickinson
972,Josiah Forster,Henry E Gurney
975,Robert Forster,Joseph B Braithwaite
976,Robert Forster,S Braithwaite
979,William Forster,Joseph B Braithwaite
980,William Forster,S Braithwaite
983,William Forster,Henry E Gurney
985,Joseph Talwin Foster,Joseph B Braithwaite
986,Joseph Talwin Foster,S Braithwaite
989,Joseph Talwin Foster,Alfred L Fox
990,Joseph Talwin Foster,Anna Gurney
992,Joseph Talwin Foster,Wilson Lloyd
993,Joseph Talwin Foster,Joseph Whitwell Pease
998,Rachel Fowler,Alfred L Fox
1004,Rachel Fowler,Henry E Gurney
1007,Rachel Fowler,John Jowett
1009,Rachel Fowler,Wilson Lloyd
1010,Rachel Fowler,Arthur Pease
1011,Rachel Fowler,Edward Pease
1012,Rachel Fowler,Gurney Pease
1013,Rachel Fowler,Henry Fell Pease
1014,Rachel Fowler,John Pease
1015,Rachel Fowler,Joseph Pease
1016,Rachel Fowler,Joseph Whitwell Pease
1018,Rachel Fowler,Charles Sturge
1021,Robert Nicholas Fowler,Rebecca Beaumont
1022,Robert Nicholas Fowler,Paul Bevan
1023,Robert Nicholas Fowler,Charles L Braithwaite
1024,Robert Nicholas Fowler,Joseph B Braithwaite
1025,Robert Nicholas Fowler,L Braithwaite
1026,Robert Nicholas Fowler,S Braithwaite
1027,Robert Nicholas Fowler,Thomas Fowell Buxton
1028,Robert Nicholas Fowler,Elizabeth Charelton
1029,Robert Nicholas Fowler,W D Crewdson
1030,Robert Nicholas Fowler,Barnard Dickinson
1031,Robert Nicholas Fowler,Joseph Talwin Foster
1032,Robert Nicholas Fowler,John Barton Hack
1033,Robert Nicholas Fowler,Edward Pease
1034,Robert Nicholas Fowler,Edward Smith
1035,Robert Nicholas Fowler,Charles Sturge
1036,Robert Nicholas Fowler,Joseph Sturge (Mrs)
1037,Robert Nicholas Fowler,Joseph Sturge
1040,Thomas Fowler,Alfred L Fox
1043,Thomas Fowler,Henry E Gurney
1046,Thomas Fowler,John Jowett
1048,Thomas Fowler,Wilson Lloyd
1049,Thomas Fowler,Arthur Pease
1050,Thomas Fowler,Edward Pease
1051,Thomas Fowler,Gurney Pease
1052,Thomas Fowler,Henry Fell Pease
1053,Thomas Fowler,John Pease
1054,Thomas Fowler,Joseph Pease
1055,Thomas Fowler,Joseph Whitwell Pease
1057,Thomas Fowler,Charles Sturge
1061,Thomas Fowler,John E Wilson
1063,William Fowler,C Ashby
1065,William Fowler,Eliza Barclay
1066,William Fowler,Rebecca Beaumont
1067,William Fowler,Paul Bevan
1068,William Fowler,Charles L Braithwaite
1069,William Fowler,Joseph B Braithwaite
1070,William Fowler,L Braithwaite
1071,William Fowler,S Braithwaite
1073,William Fowler,Edward North Buxton
1074,William Fowler,Thomas Fowell Buxton
1075,William Fowler,Elizabeth Charelton
1076,William Fowler,W D Crewdson
1077,William Fowler,A Crowley
1078,William Fowler,Frederick Crowley
1079,William Fowler,Barnard Dickinson
1080,William Fowler,Mary Fell
1081,William Fowler,Edmund Lucas
1082,William Fowler,Edward Pease
1083,William Fowler,Henry Fell Pease
1084,William Fowler,Richard Sterry
1085,William Fowler,Charles Sturge
1086,William Fowler,Joseph Sturge (Mrs)
1087,William Fowler,Joseph Sturge
1088,William Fowler,Charles B Warner
1089,William Fowler,John Warner
1090,William Fowler,Septimus Warner
1105,Alfred L Fox,Frederick H Fox
1108,Alfred L Fox,Charles Gillett
1109,Alfred L Fox,Nathaniel Tregellis
1111,Charles Henry Fox,Paul Bevan
1112,Charles Henry Fox,H Birkbeck
1113,Charles Henry Fox,Elizabeth Charelton
1114,Charles Henry Fox,Josiah Forster
1115,Charles Henry Fox,Robert Forster
1116,Charles Henry Fox,William Forster
1117,Charles Henry Fox,Rachel Fowler
1118,Charles Henry Fox,Thomas Fowler
1119,Charles Henry Fox,Alfred L Fox
1120,Charles Henry Fox,Frederick H Fox
1121,Charles Henry Fox,Henry Fox
1122,Charles Henry Fox,Thomas Fox
1123,Charles Henry Fox,Charles Gillett
1124,Charles Henry Fox,John Sanderson
1125,Charles Henry Fox,William Southall
1138,Francis E Fox,Nathaniel Tregellis
1144,Frederick H Fox,J G Fox
1145,Frederick H Fox,R Barclay Fox
1149,Frederick H Fox,Charles Gillett
1150,Frederick H Fox,Joseph Whitwell Pease
1151,Frederick H Fox,Joseph T Price
1153,Frederick H Fox,Nathaniel Tregellis
1155,George Fox,J G Fox
1156,George Fox,R Barclay Fox
1157,George Fox,Robert Were Fox
1158,George Fox,x Fox
1159,George Fox,Joseph Whitwell Pease
1160,George Fox,Nathaniel Tregellis
1161,George Fox,Francis Tuckett
1162,Henry Fox,Rebecca Beaumont
1164,Henry Fox,Joseph B Braithwaite
1166,Henry Fox,S Braithwaite
1167,Henry Fox,Barnard Dickinson
1168,Henry Fox,Rachel Fowler
1169,Henry Fox,Alfred L Fox
1171,Henry Fox,Francis E Fox
1172,Henry Fox,Frederick H Fox
1173,Henry Fox,J G Fox
1174,Henry Fox,R Barclay Fox
1175,Henry Fox,Robert Were Fox
1176,Henry Fox,x Fox
1177,Henry Fox,Charles Gillett
1178,Henry Fox,Joseph T Price
1179,Henry Fox,Nathaniel Tregellis
1180,Henry Fox,Francis Tuckett
1190,J G Fox,Anna Gurney
1191,J G Fox,Henry E Gurney
1193,J G Fox,John Gurney
1194,J G Fox,Samuel Gurney
1198,J G Fox,Andrew Johnston
1199,J G Fox,Andrew & Jun Johnston
1200,J G Fox,Henry Fell Pease
1201,J G Fox,John Pease
1202,J G Fox,John B Pease
1203,J G Fox,Susan Pease
1204,J G Fox,Thomas Pease
1207,J G Fox,Isaac Robson
1208,J G Fox,J S Robson
1221,R Barclay Fox,Anna Gurney
1222,R Barclay Fox,Henry E Gurney
1224,R Barclay Fox,John Gurney
1225,R Barclay Fox,Samuel Gurney
1228,R Barclay Fox,John Hodgkin
1229,R Barclay Fox,Andrew Johnston
1230,R Barclay Fox,Andrew & Jun Johnston
1231,R Barclay Fox,Arthur Pease
1232,R Barclay Fox,Edward Pease
1233,R Barclay Fox,Gurney Pease
1234,R Barclay Fox,Joseph Pease
1235,R Barclay Fox,Joseph T Price
1236,R Barclay Fox,Nathaniel Tregellis
1237,Robert Were Fox,Edmund Backhouse
1238,Robert Were Fox,Abram Rawlinson Barclay
1239,Robert Were Fox,J Gurney Barclay
1241,Robert Were Fox,Paul Bevan
1242,Robert Were Fox,Robert Bevan
1246,Robert Were Fox,Edward North Buxton
1247,Robert Were Fox,Elizabeth Charelton
1248,Robert Were Fox,W S Clark
1250,Robert Were Fox,Frederick H Fox
1253,Robert Were Fox,J G Fox
1254,Robert Were Fox,Thomas Fox
1255,Robert Were Fox,John Sanderson
1256,Thomas Fox,John M Candler
1257,Thomas Fox,Thomas Fowler
1259,Thomas Fox,Francis E Fox
1262,Thomas Fox,x Fox
1263,Thomas Fox,Charles Gillett
1264,Thomas Fox,Joseph Whitwell Pease
1265,Thomas Fox,William Southall
1266,Thomas Fox,Francis Tuckett
1269,x Fox,James Jun Backhouse
1270,x Fox,Abram Rawlinson Barclay
1272,x Fox,Paul Bevan
1273,x Fox,Robert Bevan
1276,x Fox,Elizabeth Charelton
1277,x Fox,Frederick H Fox
1280,x Fox,J G Fox
1282,x Fox,Charles Gillett
1283,x Fox,Anna Gurney
1284,x Fox,Henry E Gurney
1286,x Fox,John Gurney
1287,x Fox,Samuel Gurney
1288,x Fox,George Head
1289,x Fox,Sarah Head
1290,x Fox,John Hodgkin
1291,x Fox,Andrew Johnston
1292,x Fox,Andrew & Jun Johnston
1293,x Fox,Arthur Pease
1294,x Fox,Edward Pease
1295,x Fox,Gurney Pease
1296,x Fox,Joseph Pease
1297,x Fox,Joseph T Price
1298,x Fox,Nathaniel Tregellis
1302,Frederick Fryer,John Jowett
1305,Frederick Fryer,John E Wilson
1308,Joseph Gibbens,Joseph Shewell
1309,Ann Gibson,Samuel Jesper
1310,Ann Gibson,Marriage Wallis
1312,Deborah Gibson,Henry E Gurney
1315,Deborah Gibson,John Jowett
1316,Deborah Gibson,Edward A Leatham
1317,Deborah Gibson,Wilson Lloyd
1318,Deborah Gibson,Arthur Pease
1319,Deborah Gibson,Edward Pease
1320,Deborah Gibson,Gurney Pease
1321,Deborah Gibson,Henry Fell Pease
1322,Deborah Gibson,John Pease
1323,Deborah Gibson,Joseph Pease
1324,Deborah Gibson,Joseph Whitwell Pease
1325,Deborah Gibson,Charles Sturge
1330,Francis Gibson,Edmund Backhouse
1332,Francis Gibson,Edward Jun Backhouse
1333,Francis Gibson,John Church Backhouse
1335,Francis Gibson,Eliza Barclay
1336,Francis Gibson,Rebecca Beaumont
1338,Francis Gibson,Joseph B Braithwaite
1339,Francis Gibson,S Braithwaite
1340,Francis Gibson,W D Crewdson
1342,Francis Gibson,Barnard Dickinson
1343,Francis Gibson,Rachel Fowler
1344,Francis Gibson,Deborah Gibson
1346,Francis Gibson,W G Gibson
1347,Francis Gibson,John Hodgkin
1348,Francis Gibson,Robert Howard
1349,Francis Gibson,John Jowett
1350,Francis Gibson,Wilson Lloyd
1351,Francis Gibson,Susan Pease
1352,Francis Gibson,Thomas Pease
1353,Francis Gibson,Edward Richardson
1354,Francis Gibson,W Richardson
1355,Francis Gibson,Isaac Robson
1356,Francis Gibson,J S Robson
1357,Francis Gibson,Edward Smith
1358,Francis Gibson,George Stacey
1359,George Stacey Gibson,Charles L Braithwaite
1360,George Stacey Gibson,Joseph B Braithwaite
1361,George Stacey Gibson,S Braithwaite
1362,George Stacey Gibson,W D Crewdson
1363,George Stacey Gibson,Barnard Dickinson
1364,George Stacey Gibson,Rachel Fowler
1365,George Stacey Gibson,Francis Gibson
1366,George Stacey Gibson,Robert Howard
1367,George Stacey Gibson,Isaac Wilson
1368,George Stacey Gibson,John E Wilson
1370,W G Gibson,Joseph B Braithwaite
1371,W G Gibson,S Braithwaite
1372,W G Gibson,W D Crewdson
1373,W G Gibson,Rachel Fowler
1377,W G Gibson,Wilson Lloyd
1378,W G Gibson,Arthur Pease
1379,W G Gibson,Edward Pease
1380,W G Gibson,Gurney Pease
1381,W G Gibson,Henry Fell Pease
1382,W G Gibson,John Pease
1383,W G Gibson,Joseph Pease
1384,W G Gibson,Joseph Whitwell Pease
1385,F  E Gibson,Deborah Gibson
1395,J Gilpin,Josiah Thompson
1396,J Gilpin,F J Walker
1405,Alexander Grace,George Palmer
1406,Josiah Grace,Henry Burlingham
1407,Josiah Grace,Alexander Grace
1421,Anna Gurney,John Gurney
1422,Anna Gurney,Samuel Gurney
1424,Anna Gurney,John Hodgkin
1427,Anna Gurney,Wilson Lloyd
1428,Anna Gurney,Arthur Pease
1429,Anna Gurney,Edward Pease
1430,Anna Gurney,Gurney Pease
1431,Anna Gurney,Joseph Whitwell Pease
1433,Anna Gurney,John E Wilson
1454,Henry E Gurney,Cornelius Hanbury
1455,Henry E Gurney,Cornelius x Jun Hanbury
1456,Henry E Gurney,Daniel Bell Hanbury
1457,Henry E Gurney,John Hodgkin
1458,Henry E Gurney,Arthur Pease
1459,Henry E Gurney,Edward Pease
1460,Henry E Gurney,Gurney Pease
1461,Henry E Gurney,Joseph Pease
1462,Henry E Gurney,Joseph Whitwell Pease
1463,John Henry Gurney,Alfred Backhouse
1464,John Henry Gurney,Edmund Backhouse
1465,John Henry Gurney,Abram Rawlinson Barclay
1466,John Henry Gurney,J Gurney Barclay
1467,John Henry Gurney,Robert Barclay
1468,John Henry Gurney,Robert Bevan
1469,John Henry Gurney,E L Birkbeck
1470,John Henry Gurney,Charles L Braithwaite
1471,John Henry Gurney,Joseph B Braithwaite
1472,John Henry Gurney,S Braithwaite
1473,John Henry Gurney,W D Crewdson
1474,John Henry Gurney,Barnard Dickinson
1475,John Henry Gurney,Elizabeth G Dimsdale
1476,John Henry Gurney,Josiah Forster
1477,John Henry Gurney,Joseph Talwin Foster
1478,John Henry Gurney,Rachel Fowler
1479,John Henry Gurney,Thomas Fowler
1480,John Henry Gurney,J G Fox
1481,John Henry Gurney,R Barclay Fox
1482,John Henry Gurney,x Fox
1483,John Henry Gurney,Deborah Gibson
1484,John Henry Gurney,Cornelius Hanbury
1485,John Henry Gurney,Cornelius x Jun Hanbury
1486,John Henry Gurney,Daniel Bell Hanbury
1487,John Henry Gurney,Arthur Pease
1488,John Henry Gurney,Edward Pease
1489,John Henry Gurney,Gurney Pease
1490,John Henry Gurney,Joseph Pease
1491,John Henry Gurney,Joseph Whitwell Pease
1492,John Henry Gurney,Thomas Pease
1510,John Gurney,John Hodgkin
1511,John Gurney,Arthur Pease
1512,John Gurney,Edward Pease
1513,John Gurney,Gurney Pease
1514,John Gurney,Joseph Pease
1515,John Gurney,Joseph Whitwell Pease
1516,John Gurney,Thomas Pease
1534,Samuel Gurney,Arthur Pease
1535,Samuel Gurney,Edward Pease
1536,Samuel Gurney,Gurney Pease
1537,Samuel Gurney,Joseph Pease
1538,Samuel Gurney,Joseph Whitwell Pease
1539,Samuel Gurney,Thomas Pease
1543,Daniel P Hack,J H Tuke
1548,John Barton Hack,J H Tuke
1577,Cornelius x Jun Hanbury,John Whiting
1593,Daniel Bell Hanbury,Andrew Johnston
1594,Daniel Bell Hanbury,Andrew & Jun Johnston
1598,Theodore Harris,Algernon Peckover
1599,Theodore Harris,William Peckover
1600,Theodore Harris,John T Shewell
1601,Thomas Harvey,S Birchall
1603,Thomas Harvey,Thomas Maw
1604,George Head,Alfred Backhouse
1605,George Head,Abram Rawlinson Barclay
1610,George Head,John Bell
1611,George Head,Robert Bevan
1614,George Head,Elizabeth G Dimsdale
1615,George Head,J G Fox
1616,George Head,R Barclay Fox
1618,George Head,Cornelius Hanbury
1619,George Head,Cornelius x Jun Hanbury
1620,George Head,Daniel Bell Hanbury
1621,Sarah Head,Alfred Backhouse
1622,Sarah Head,Abram Rawlinson Barclay
1627,Sarah Head,John Bell
1628,Sarah Head,Robert Bevan
1631,Sarah Head,Elizabeth G Dimsdale
1632,Sarah Head,J G Fox
1633,Sarah Head,R Barclay Fox
1635,Sarah Head,Cornelius Hanbury
1636,Sarah Head,Cornelius x Jun Hanbury
1637,Sarah Head,Daniel Bell Hanbury
1639,W Hewitson,Micheal Scatterthwaite
1640,Charles Hicks,R D Catchpool
1642,Charles Hicks,Henry Sterry
1643,Charles Hicks,Joseph Sterry
1644,James Hills,D Tuke
1645,James Hills,W Tuke
1646,John Hills,D Tuke
1647,John Hills,W Tuke
1649,Henry Hipsley,D Tuke
1650,Henry Hipsley,J H Tuke
1652,Gurney Hoare,Alfred Backhouse
1653,Gurney Hoare,Edmund Backhouse
1654,Gurney Hoare,Abram Rawlinson Barclay
1655,Gurney Hoare,J Gurney Barclay
1657,Gurney Hoare,Robert Bevan
1660,Gurney Hoare,Lucy Bradshaw
1661,Gurney Hoare,J G Fox
1662,Gurney Hoare,Anna Gurney
1663,Gurney Hoare,Cornelius Hanbury
1664,Gurney Hoare,Cornelius x Jun Hanbury
1665,Gurney Hoare,Daniel Bell Hanbury
1666,Gurney Hoare,John Harford
1667,Gurney Hoare,John Hodgkin
1668,Gurney Hoare,Arthur Pease
1669,Gurney Hoare,Edward Pease
1670,Gurney Hoare,Gurney Pease
1671,Gurney Hoare,Joseph Pease
1672,Gurney Hoare,Joseph Whitwell Pease
1687,Charles Horsnaill,Samuel Wheeler
1688,W C Horsnaill,Samuel Wheeler
1691,Luke Howard,Edward A Leatham
1692,Robert Howard,Rebecca Beaumont
1695,Robert Howard,W D Crewdson
1696,Robert Howard,Barnard Dickinson
1697,Robert Howard,Rachel Fowler
1698,Robert Howard,Thomas Fowler
1699,Robert Howard,Deborah Gibson
1702,Robert Howard,Anna Gurney
1703,Robert Howard,Edward A Leatham
1704,T Hunt,Edward Ash
1705,T Hunt,James Cadbury
1707,Jonathan Hutchinson,Deborah Beesley
1715,A Janson,Jane Reynolds
1716,A Janson,Caleb Williams
1717,Charles Janson,A Janson
1718,Charles Janson,William Janson
1719,Charles Janson,Alfred Kitching
1720,Charles Janson,J H Tuke
1725,William Janson,Jane Reynolds
1726,William Janson,Caleb Williams
1728,Samuel Jesper,Caroline Marriage
1729,Samuel Jesper,Marriage Wallis
1760,Benjamin Jowett (2),John Jowett
1761,Benjamin Jowett (2),Robert Jowett (2)
1762,Benjamin Jowett (2),Gurney Pease
1763,Benjamin Jowett (2),John Pease
1764,Benjamin Jowett (2),Thomas Pease
1765,Benjamin Jowett (2),Isaac Wilson
1766,Benjamin Jowett (2),John E Wilson
1783,John Jowett,Gurney Pease
1784,John Jowett,John Pease
1785,John Jowett,Thomas Pease
1787,Robert Jowett (2),S Birchall
1788,Robert Jowett (2),J Cudworth
1789,Robert Jowett (2),Barnard Dickinson
1790,Robert Jowett (2),Frederick Fryer
1792,Robert Jowett (2),Gurney Pease
1793,Robert Jowett (2),Thomas Pease
1794,Robert Jowett (2),Joseph Sturge (Mrs)
1795,Robert Jowett (2),Joseph Sturge
1798,Alfred Kitching,A Janson
1800,Alfred Kitching,William Janson
1801,C Knight,Alfred Rosling
1802,Henry Knight,Charles L Harford
1803,Henry Knight,Summers Harford
1811,Thomas Letchmore,Samuel Darton
1812,Thomas Letchmore,Cornelius x Jun Hanbury
1813,Joseph Lister,Jeffrey Lucas
1814,Joseph Lister,Martha Lucas
1815,Joseph Lister,Samuel Lucas
1816,Joseph Lister,William Jun Lucas
1817,Joseph Lister,Marriage Wallis
1818,William Horton Lloyd,L Braithwaite
1819,William Horton Lloyd,Wilson Burgess
1820,William Horton Lloyd,Thomas Fowell Buxton
1821,William Horton Lloyd,W D Crewdson
1822,William Horton Lloyd,Barnard Dickinson
1823,William Horton Lloyd,Rachel Fowler
1824,William Horton Lloyd,Thomas Fowler
1826,William Horton Lloyd,Anna Gurney
1827,William Horton Lloyd,Arthur Pease
1828,William Horton Lloyd,Edward Pease
1829,William Horton Lloyd,Gurney Pease
1830,William Horton Lloyd,Henry Fell Pease
1831,William Horton Lloyd,John Pease
1832,William Horton Lloyd,Joseph Pease
1833,William Horton Lloyd,Henry Richardson
1834,William Horton Lloyd,William Wilson
1851,Edmund Lucas,Henry Fell Pease
1852,Edmund Lucas,John B Pease
1854,Frederick Lucas,Henry Fell Pease
1855,Frederick Lucas,John B Pease
1868,Caroline Marriage,Marriage Wallis
1870,Thomas Marriage,Francis Wright
1872,R Marsh,Edward Marsh
1873,William Matthews,Paul Bevan
1874,William Matthews,Elizabeth Charelton
1875,William Mattravers,Joseph Whitwell Pease
1876,William Mattravers,William Southall
1877,William Mattravers,Nathaniel Tregellis
1878,William Mattravers,Francis Tuckett
1879,William Mattravers,Alfred Waterhouse
1883,Thomas Maw,Isaac Reckitt
1888,Joseph Neatby,John Sanderson
1895,Mary Overend,J H Tuke
1902,George Palmer,Walter Sturge
1904,W J Palmer,Henry Burlingham
1905,W J Palmer,Cyrus Clark
1906,W J Palmer,James Clark (2)
1907,W J Palmer,Joseph Clark
1908,W J Palmer,W S Clark
1909,W J Palmer,Walter Sturge
1910,W J Palmer,F J Thompson
1939,Arthur Pease,John B Pease
1970,Edward Pease,John B Pease
2005,Gurney Pease,John B Pease
2033,Henry Fell Pease,John B Pease
2034,Henry Fell Pease,Hannah Scarr
2058,John Pease,Susan Pease
2059,John Pease,Thomas Pease
2063,John Pease,Isaac Robson
2064,John Pease,J S Robson
2068,John Pease,John E Wilson
2085,John B Pease,Joseph Whitwell Pease
2086,John B Pease,Susan Pease
2087,John B Pease,Thomas Pease
2091,John B Pease,Isaac Robson
2092,John B Pease,J S Robson
2093,John B Pease,Hannah Scarr
2122,Joseph Pease,Susan Pease
2123,Joseph Pease,Thomas Pease
2127,Joseph Pease,Isaac Robson
2128,Joseph Pease,J S Robson
2180,Susan Pease,Isaac Robson
2181,Susan Pease,J S Robson
2210,Thomas Pease,Isaac Robson
2211,Thomas Pease,J S Robson
2219,Robert H Penney,Priscilla Rickman
2234,Edward Priestman (2),Edmund Backhouse
2236,Edward Priestman (2),Edward Jun Backhouse
2238,Edward Priestman (2),James Jun Backhouse
2239,Edward Priestman (2),John Church Backhouse
2240,Edward Priestman (2),Eliza Barclay
2241,Edward Priestman (2),Wilson Burgess
2245,Edward Priestman (2),J G Fox
2246,Edward Priestman (2),John Pease
2247,Edward Priestman (2),John B Pease
2248,Edward Priestman (2),Joseph Pease
2249,Edward Priestman (2),Susan Pease
2250,Edward Priestman (2),Thomas Pease
2251,Edward Priestman (2),Septimus Warner
2252,John Priestman,Wilson Burgess
2253,John Priestman,W Richardson
2254,John Priestman,F J Walker
2256,Samuel Priestman,F J Walker
2260,William Rathbone,William Ball
2269,Jane Reynolds,Charles Sturge
2272,Jane Reynolds,J H Tuke
2274,Edward Richardson,James Jun Backhouse
2276,Edward Richardson,Daniel P Hack
2277,Edward Richardson,John Barton Hack
2278,Edward Richardson,Henry Hipsley
2279,Edward Richardson,John Pease
2280,Edward Richardson,John B Pease
2281,Edward Richardson,Joseph Pease
2282,Edward Richardson,Susan Pease
2283,Edward Richardson,Thomas Pease
2284,Edward Richardson,Jane Reynolds
2285,Edward Richardson,W Richardson
2286,Edward Richardson,Isaac Robson
2287,Edward Richardson,J S Robson
2288,Edward Richardson,Edward Smith
2289,Henry Richardson,Joseph Talwin Foster
2291,Henry Richardson,W Richardson
2292,Henry Richardson,George Stacey
2293,Henry Richardson,D Tuke
2294,Henry Richardson,W Tuke
2295,Henry Richardson,John E Wilson
2296,W Richardson,Edmund Backhouse
2297,W Richardson,Edward Jun Backhouse
2298,W Richardson,John Church Backhouse
2299,W Richardson,J G Fox
2301,W Richardson,John Pease
2302,W Richardson,John B Pease
2303,W Richardson,Joseph Pease
2304,W Richardson,Susan Pease
2305,W Richardson,Thomas Pease
2307,W Richardson,Samuel Priestman
2310,W Richardson,John S Rowntree
2311,W Richardson,Joseph Rowntree
2312,W Richardson,Abraham Sewell
2313,W Richardson,E F Sewell
2314,W Richardson,Joshua Wilson
2315,John Rickman,Josephina Rickman
2317,Josephina Rickman,Priscilla Rickman
2318,Josephina Rickman,R Rickman
2319,Josephina Rickman,R P Rickman
2375,John Rowntree,W Rowntree
2380,John S Rowntree,Isaac Robson
2381,John S Rowntree,J S Robson
2382,John S Rowntree,W Rowntree
2383,John S Rowntree,Hannah Scarr
2385,Joseph Rowntree,Isaac Robson
2388,Sarah Rundell,Nathaniel Tregellis
2391,John Sanderson,Francis E Fox
2392,John Sanderson,Frederick H Fox
2398,Micheal Scatterthwaite,M A Hewitson
2399,Benjamin Seebohm,James Cadbury
2405,F Seebohm,D Tuke
2406,F Seebohm,J H Tuke
2407,F Seebohm,Samuel Tuke
2417,Edward Smith,Edmund Backhouse
2419,Edward Smith,Edward Jun Backhouse
2420,Edward Smith,John Church Backhouse
2421,Edward Smith,Eliza Barclay
2425,Edward Smith,John Pease
2426,Edward Smith,John B Pease
2427,Edward Smith,Joseph Pease
2428,Edward Smith,Susan Pease
2429,Edward Smith,Thomas Pease
2430,Edward Smith,Algernon Peckover
2431,Edward Smith,William Peckover
2432,Edward Smith,Jane Reynolds
2434,Edward Smith,Isaac Robson
2435,Edward Smith,Charles Sturge
2436,Edward Smith,Joseph Sturge (Mrs)
2437,Edward Smith,Joseph Sturge
2438,Edward Smith,Alfred Waterhouse
2439,Edward Smith,R Waterhouse
2441,Richard Smith,Edward Jun Backhouse
2442,E P Southall,George Sturge
2443,William Southall,Elizabeth Charelton
2446,William Southall,John Barton Hack
2448,William Sparkes,G R Pumphrey
2449,Joseph F Spence,Joseph Talwin Foster
2450,Joseph F Spence,F J Thompson
2451,Joseph F Spence,F J Walker
2453,George Stacey,Joseph B Braithwaite
2455,George Stacey,S Braithwaite
2457,George Stacey,W D Crewdson
2458,George Stacey,Barnard Dickinson
2459,George Stacey,Rachel Fowler
2460,George Stacey,Thomas Fowler
2462,George Stacey,Anna Gurney
2463,George Stacey,John Pease
2464,George Stacey,Joseph Pease
2466,George Stacey,Charles Sturge
2470,John Stansfield,Fielden Thorpe
2473,Henry Sterry,Joseph Neatby
2477,Joseph Sterry,Sarah Sterry
2480,Richard Sterry,Joseph Sterry
2499,Charles Sturge,H J Sturge
2500,Charles Sturge,Walter Sturge
2501,Charles Sturge,Fielden Thorpe
2506,Edmund Sturge,H J Sturge
2507,Edmund Sturge,Walter Sturge
2508,Edmund Sturge,Fielden Thorpe
2516,George Sturge,Walter Sturge
2525,H J Sturge,Samuel Sturge
2526,H J Sturge,Thomas M Sturge
2528,Joseph Sturge (Mrs),John M Albright
2531,Joseph Sturge (Mrs),Rebecca Beaumont
2532,Joseph Sturge (Mrs),W S Clark
2533,Joseph Sturge (Mrs),J H Cotterell
2534,Joseph Sturge (Mrs),W D Crewdson
2535,Joseph Sturge (Mrs),James Cropper
2536,Joseph Sturge (Mrs),Rachel Fowler
2538,Joseph Sturge (Mrs),Thomas Fowler
2540,Joseph Sturge (Mrs),Deborah Gibson
2542,Joseph Sturge (Mrs),Jane Reynolds
2544,Joseph Sturge (Mrs),George Stacey
2545,Joseph Sturge (Mrs),H J Sturge
2547,Joseph Sturge,John M Albright
2550,Joseph Sturge,Rebecca Beaumont
2551,Joseph Sturge,W S Clark
2552,Joseph Sturge,J H Cotterell
2553,Joseph Sturge,W D Crewdson
2554,Joseph Sturge,James Cropper
2556,Joseph Sturge,Rachel Fowler
2558,Joseph Sturge,Thomas Fowler
2560,Joseph Sturge,Deborah Gibson
2562,Joseph Sturge,Jane Reynolds
2564,Joseph Sturge,George Stacey
2565,Joseph Sturge,H J Sturge
2566,Joseph Sturge,Walter Sturge
2567,Joseph Sturge,Fielden Thorpe
2575,Samuel Sturge,Walter Sturge
2576,Samuel Sturge,Fielden Thorpe
2584,Thomas M Sturge,Walter Sturge
2585,Thomas M Sturge,Fielden Thorpe
2604,H Taylor,John Rowntree
2607,H Taylor,W Rowntree
2608,H Taylor,Joseph Sewell
2609,A Thistlethwaite,Fielden Thorpe
2610,F J Thompson,Cyrus Clark
2611,F J Thompson,James Clark (2)
2612,F J Thompson,Joseph Clark
2613,F J Thompson,George Palmer
2616,F J Thompson,Fielden Thorpe
2617,F J Thompson,Charles B Warner
2619,Josiah Thompson,F J Walker
2620,Thomas Thompson,Paul Bevan
2621,W Thompson,James Cadbury
2622,W Thompson,Isaac Robson
2623,W Thompson,J S Robson
2653,Frederick Tuckett,Frederick Crowley
2661,D Tuke,J H Tuke
2662,D Tuke,Samuel Tuke
2679,W Tuke,Henry Hipsley
2681,W Tuke,F Seebohm
2682,W Tuke,J H Tuke
2683,W Tuke,Samuel Tuke
2696,Marriage Wallis,Francis Wright
2703,Alfred Waterhouse,Edward Ash
2705,Alfred Waterhouse,Samuel Beck
2706,Alfred Waterhouse,Robert Bevan
2707,Alfred Waterhouse,James Cadbury
2708,Alfred Waterhouse,Elizabeth Charelton
2712,Mary Waterhouse,Robert Bevan
2713,Mary Waterhouse,James Cadbury
2714,Mary Waterhouse,Elizabeth Charelton
2716,R Waterhouse,W D Crewdson
2717,R Waterhouse,John Jowett
2719,Daniel Wheeler,G S Brady
2738,Charles Wilson,Caroline Marriage
2739,Charles Wilson,G R Pumphrey
2740,Charles Wilson,Fielden Thorpe
2741,George Wilson,George Stacey
2742,George Wilson,Isaac Wilson
2743,George Wilson,John E Wilson
2745,Isaac Wilson,Rebecca Beaumont
2746,Isaac Wilson,Thomas Binyon
2747,Isaac Wilson,S Birchall
2748,Isaac Wilson,W D Crewdson
2749,Isaac Wilson,Ann Cropper
2750,Isaac Wilson,J Cudworth
2751,Isaac Wilson,Barnard Dickinson
2752,Isaac Wilson,Rachel Fowler
2753,Isaac Wilson,Thomas Fowler
2754,Isaac Wilson,Alfred L Fox
2755,Isaac Wilson,Frederick Fryer
2756,Isaac Wilson,Deborah Gibson
2760,Isaac Wilson,Wilson Lloyd
2761,Isaac Wilson,John Pease
2762,Isaac Wilson,Joseph Pease
2763,Isaac Wilson,George Stacey
2784,Joseph Wilson,James Baker
2787,William Wilson,R Jun Arthington
2788,William Wilson,James Baker
2789,William Wilson,Charles L Braithwaite
2790,William Wilson,Joseph B Braithwaite
2791,William Wilson,S Braithwaite
2792,William Wilson,J Cudworth
2793,William Wilson,Barnard Dickinson
2794,William Wilson,Frederick Fryer
2795,William Wilson,Benjamin Jowett (2)
2797,William Wilson,John Pease
2798,William Wilson,Joseph Pease
2802,R D Alexander,Christopher Bowley
2803,R D Alexander,Robert Charleton
2804,R D Alexander,Frederick H Fox
2806,R D Alexander,Thomas Maw
2807,R D Alexander,William Norton
2808,R D Alexander,Algernon Peckover
2809,Samuel Allen,Cornelius Hanbury
2810,S  Stafford Allen,Edward Beck
2811,S  Stafford Allen,Cornelius Hanbury
2812,S  Stafford Allen,Martha Lucas
2813,S  Stafford Allen,William Jun Lucas
2815,Thomas Allis,Edward Carroll
2816,Thomas Allis,Joseph Crosfield
2817,Thomas Allis,Haggar Lowe
2818,John Arch,Thomas Binyon
2819,R Arthington,Susan Pease
2820,R Arthington,Thomas Pease
2821,R Jun Arthington,Christopher Bowley
2822,R Jun Arthington,Frederick Fryer
2823,R Jun Arthington,Thomas Harvey
2824,R Jun Arthington,Thomas Pease
2826,Edward Ash,James Charleton
2827,Edward Ash,Robert Charleton
2831,Alfred Backhouse,Edmund Backhouse
2832,Alfred Backhouse,John Church Backhouse
2833,Alfred Backhouse,Eliza Barclay
2835,Alfred Backhouse,R Barclay Fox
2837,Alfred Backhouse,Henry E Gurney
2838,Alfred Backhouse,John Hodgkin
2839,Alfred Backhouse,Arthur Pease
2840,Alfred Backhouse,Edward Pease
2841,Alfred Backhouse,Gurney Pease
2842,Alfred Backhouse,Joseph Pease
2843,Alfred Backhouse,Joseph Whitwell Pease
2844,Catherine Backhouse,Edward Jun Backhouse
2845,Catherine Backhouse,Henry Harris
2846,Catherine Backhouse,T Hunt
2847,Catherine Backhouse,W Thompson
2849,Edmund Backhouse,Edward Jun Backhouse
2851,Edmund Backhouse,John Church Backhouse
2852,Edmund Backhouse,Eliza Barclay
2853,Edmund Backhouse,J Gurney Barclay
2856,Edmund Backhouse,Christopher Bowley
2859,Edmund Backhouse,Edward Pease
2860,Edmund Backhouse,Gurney Pease
2861,Edmund Backhouse,Joseph Pease
2862,Edmund Backhouse,Joseph Whitwell Pease
2864,Edward Backhouse,James (1) Backhouse
2865,Edward Backhouse,John Church Backhouse
2866,Edward Backhouse,Eliza Barclay
2867,Edward Backhouse,David Dale
2868,Edward Backhouse,R Barclay Fox
2869,Edward Backhouse,John Hodgkin
2870,Edward Backhouse,Edward Richardson
2871,Edward Backhouse,W Richardson
2874,Edward Jun Backhouse,John Church Backhouse
2875,Edward Jun Backhouse,Eliza Barclay
2877,Edward Jun Backhouse,J G Fox
2878,Edward Jun Backhouse,R Barclay Fox
2879,Edward Jun Backhouse,John Hodgkin
2881,James (1) Backhouse,Thomas Allis
2883,James (1) Backhouse,Caleb Williams
2885,James Jun Backhouse,Haggar Lowe
2886,James Jun Backhouse,J H Tuke
2891,John Church Backhouse,J G Fox
2892,John Church Backhouse,R Barclay Fox
2893,John Church Backhouse,John Hodgkin
2894,John Church Backhouse,G E Richardson
2895,Jonathan Backhouse,Edward Jun Backhouse
2897,Jonathan Backhouse,John Church Backhouse
2898,Jonathan Backhouse,Eliza Barclay
2899,James Baker,J J Packer
2900,James Baker,E F Sewell
2901,A P Balkwill,Reuben C Payne
2902,Abram Rawlinson Barclay,J Gurney Barclay
2903,Abram Rawlinson Barclay,John Barclay
2904,Abram Rawlinson Barclay,Henry E Gurney
2910,Eliza Barclay,R Barclay Fox
2911,Eliza Barclay,John Hodgkin
2919,J Gurney Barclay,R Barclay Fox
2920,J Gurney Barclay,Henry E Gurney
2921,J Gurney Barclay,John Hodgkin
2922,J Gurney Barclay,Arthur Pease
2923,J Gurney Barclay,Edward Pease
2924,J Gurney Barclay,Gurney Pease
2925,J Gurney Barclay,Joseph Pease
2926,J Gurney Barclay,Joseph Whitwell Pease
2928,John Barclay,J Gurney Barclay
2930,Robert Barclay,Edmund Backhouse
2931,Robert Barclay,John Barclay
2932,Robert Barclay,Henry E Gurney
2933,R C Barrow,James Cadbury
2934,John Beaumont,John B Pease
2935,Rebecca Beaumont,W D Crewdson
2938,Rebecca Beaumont,John E Wilson
2939,William Beaumont,John B Pease
2941,Edward Beck,Samuel Beck
2942,Edward Beck,Isabella Lister
2945,Samuel Beck,Burwood Godlee
2946,Samuel Beck,John Hodgkin
2948,Samuel Beck,Isabella Lister
2951,Samuel Beck,Jeffrey Lucas
2952,Samuel Beck,Matilda Rickman
2953,Samuel Beck,Priscilla Rickman
2954,Samuel Beck,R Rickman
2955,Samuel Beck,R P Rickman
2956,Peter Bedford,E Gilkes
2957,Eliza Bell,Frederick Lucas
2958,Frederick J Bell,Frederick Lucas
2959,Paul Bevan,James Charleton
2963,J Binyon,Martha A Binyon
2964,J Binyon,Thomas Binyon
2968,E L Birkbeck,Alfred Backhouse
2969,E L Birkbeck,J Gurney Barclay
2970,H Birkbeck,Alfred Backhouse
2971,H Birkbeck,Edmund Backhouse
2972,H Birkbeck,J Gurney Barclay
2974,H Birkbeck,R Barclay Fox
2976,H Birkbeck,Arthur Pease
2977,H Birkbeck,Edward Pease
2978,H Birkbeck,Gurney Pease
2979,H Birkbeck,Joseph Pease
2980,H Birkbeck,Joseph Whitwell Pease
2983,Christopher Bowley,Thomas Pease
2984,W C Bowley,Robert Brewin
2985,W C Bowley,Martha Lucas
2986,W C Bowley,Samuel Lucas
2987,W C Bowley,William Jun Lucas
2990,Edwin Bracher,Richard Veale
2991,Edwin Bracher,William Veale
2993,Antonio Brady,G S Brady
2994,Antonio Brady,John Ford
2995,Antonio Brady,Samuel Rosling
2996,Antonio Brady,John Rowntree
2997,Antonio Brady,Daniel Wheeler
2999,Henry Brady,John Ford
3000,Henry Brady,John Barton Hack
3001,Henry Brady,Samuel Rosling
3002,Henry Brady,John Rowntree
3003,Henry Brady,William Tanner
3004,Charles L Braithwaite,L Braithwaite
3005,Charles L Braithwaite,S Braithwaite
3006,Charles L Braithwaite,W D Crewdson
3007,Charles L Braithwaite,Robert Howard
3008,Charles L Braithwaite,John Jowett
3011,Joseph B Braithwaite,S Braithwaite
3012,Joseph B Braithwaite,W D Crewdson
3014,Joseph B Braithwaite,John Jowett
3017,L Braithwaite,Joseph B Braithwaite
3020,S Braithwaite,W D Crewdson
3022,S Braithwaite,John Jowett
3026,Robert Brewin,Martha Lucas
3027,Robert Brewin,Samuel Lucas
3028,Robert Brewin,William Jun Lucas
3030,William Brewin,Martha Lucas
3031,William Brewin,Samuel Lucas
3032,William Brewin,William Jun Lucas
3033,Francis Brown,Gopsill Brown
3039,Isaac Brown,Lydia Brown
3040,Joshua Brown,Francis Brown
3041,Joshua Brown,Gopsill Brown
3042,Lydia Brown,Gopsill Brown
3044,W W Brown,S W Wright
3045,Sarah Burgess,H Headley
3046,Thomas Burgess,H Headley
3047,Wilson Burgess,Haggar Lowe
3048,Henry Burlingham,Lucy Darby
3049,Charles Buxton,William Forster
3050,Charles Buxton,Henry E Gurney
3052,Charles Buxton,John Gurney
3053,Charles Buxton,Samuel Gurney
3054,Charles Buxton,George Head
3055,Charles Buxton,Sarah Head
3056,Charles Buxton,Gurney Hoare
3057,Charles Buxton,Andrew & Jun Johnston
3059,Edward North Buxton,Henry E Gurney
3061,Edward North Buxton,John Gurney
3062,Edward North Buxton,Samuel Gurney
3066,Edward North Buxton,Andrew & Jun Johnston
3067,Thomas Fowell Buxton,William Forster
3068,Thomas Fowell Buxton,Anna Gurney
3069,Thomas Fowell Buxton,Henry E Gurney
3071,Thomas Fowell Buxton,John Gurney
3072,Thomas Fowell Buxton,Samuel Gurney
3073,Thomas Fowell Buxton,Andrew & Jun Johnston
3077,Joseph Cash,William Cash
3078,Newman Cash,William Cash
3083,Elizabeth Charelton,Frederick H Fox
3085,Elizabeth Charelton,Nathaniel Tregellis
3092,x Charleton,Elizabeth Charelton
3093,x Charleton,James Charleton
3095,x Charleton,Henry Fox
3096,x Charleton,Algernon Peckover
3097,x Charleton,John Sanderson
3098,Henry Christy,Thomas Christy
3099,Henry Christy,John Fell
3100,Henry Christy,Mary Fell
3105,Thomas Christy,Richard Christy
3106,Thomas Christy,Daniel Bell Hanbury
3107,Cyrus Clark,W S Clark
3109,Cyrus Clark,Charles Sturge
3110,Cyrus Clark,Edmund Sturge
3111,Cyrus Clark,George Sturge
3114,Cyrus Clark,Samuel Sturge
3115,Cyrus Clark,Thomas M Sturge
3118,James Clark (2),Charles Sturge
3119,James Clark (2),Edmund Sturge
3120,James Clark (2),George Sturge
3123,James Clark (2),Samuel Sturge
3124,James Clark (2),Thomas M Sturge
3125,Joseph Clark,W S Clark
3127,Joseph Clark,Charles Sturge
3128,Joseph Clark,Edmund Sturge
3129,Joseph Clark,George Sturge
3132,Joseph Clark,Samuel Sturge
3133,Joseph Clark,Thomas M Sturge
3136,W S Clark,Walter Sturge
3138,C Clothier,Cyrus Clark
3139,C Clothier,James Clark (2)
3140,C Clothier,Joseph Clark
3141,C Clothier,R Impey
3142,C Clothier,Charles Sturge
3143,C Clothier,George Sturge
3144,C Clothier,Joseph Sturge (Mrs)
3145,C Clothier,Joseph Sturge
3146,C Clothier,Samuel Sturge
3147,C Clothier,Thomas M Sturge
3149,J H Cotterell,John Gayner
3150,J H Cotterell,Walter Sturge
3156,W D Crewdson,Francis E Fox
3157,W D Crewdson,John Jowett
3158,James Cropper,John Cropper
3160,John Cropper,William Crosfield
3162,Joseph Crosfield,William Crosfield
3165,A Crowley,Edward C May
3166,A Crowley,Francis May
3167,A Crowley,Elizabeth Tuckett
3168,A Crowley,Francis Tuckett
3169,A Crowley,Frederick Tuckett
3170,A Crowley,P Debell Tuckett
3172,Henry Crowley,C Ashby
3173,Henry Crowley,Frederick Crowley
3174,J Cudworth,Mary Cudworth
3175,J Cudworth,William Cudworth
3181,A Dale,J G Fox
3182,A Dale,R Barclay Fox
3183,A Dale,John Hodgkin
3184,A Dale,Edward Richardson
3185,David Dale,Edmund Backhouse
3187,David Dale,Edward Jun Backhouse
3188,David Dale,John Church Backhouse
3189,David Dale,Eliza Barclay
3191,Barnard Dickinson,Rachel Fowler
3192,Barnard Dickinson,Thomas Fowler
3193,Barnard Dickinson,Edward Pease
3194,John Dodshon,William Cudworth
3195,Daniel Doncaster,Samuel Priestman
3196,Daniel Doncaster,Joseph Rowntree
3197,Daniel Doncaster,W Rowntree
3198,J Doubleday,W D King
3199,R Doubleday,W D King
3200,Mary Exton,F Seebohm
3201,William Exton,F Seebohm
3203,John Fell,Richard Christy
3205,Mary Fell,Richard Christy
3206,Mary Fell,Henry Fell Pease
3207,Caleb Fletcher,Joseph Rowntree
3208,Martha Fletcher,Samuel Priestman
3211,Josiah Forster,Rebecca Beaumont
3212,Josiah Forster,W D Crewdson
3214,William Forster,Edward North Buxton
3216,Joseph Talwin Foster,George Stacey
3220,Rachel Fowler,Edward A Leatham
3221,Robert Nicholas Fowler,Rachel Fowler
3223,Robert Nicholas Fowler,Edward A Leatham
3224,Robert Nicholas Fowler,Mary Waterhouse
3225,Robert Nicholas Fowler,R Waterhouse
3228,William Fowler,J Gurney Barclay
3229,William Fowler,H Birkbeck
3230,William Fowler,Rachel Fowler
3232,William Fowler,Thomas Fowler
3233,Alfred L Fox,J G Fox
3234,Alfred L Fox,R Barclay Fox
3239,Alfred L Fox,Wilson Lloyd
3241,Alfred L Fox,Francis Tuckett
3242,Alfred L Fox,John E Wilson
3243,Charles Henry Fox,x Charleton
3244,Charles Henry Fox,George Fox
3245,Charles Henry Fox,J G Fox
3246,Charles Henry Fox,R Barclay Fox
3247,Charles Henry Fox,x Fox
3248,Charles Henry Fox,Joseph Whitwell Pease
3249,Charles Henry Fox,Joseph T Price
3250,Charles Henry Fox,Nathaniel Tregellis
3252,Francis E Fox,Frederick H Fox
3258,George Fox,Francis E Fox
3259,George Fox,Henry Fox
3260,George Fox,Thomas Fox
3261,George Fox,John Sanderson
3262,Henry Fox,Paul Bevan
3270,J G Fox,Arthur Pease
3271,J G Fox,Edward Pease
3272,J G Fox,Gurney Pease
3273,J G Fox,Joseph Pease
3286,R Barclay Fox,Francis Tuckett
3287,Robert Were Fox,Alfred Backhouse
3288,Robert Were Fox,Alfred L Fox
3289,Robert Were Fox,Joseph Whitwell Pease
3290,Robert Were Fox,Joseph T Price
3291,Robert Were Fox,Nathaniel Tregellis
3292,Thomas Fox,Paul Bevan
3293,Thomas Fox,Elizabeth Charelton
3294,Thomas Fox,Frederick H Fox
3295,Thomas Fox,Nathaniel Tregellis
3296,x Fox,Alfred L Fox
3298,x Fox,Gurney Hoare
3299,x Fox,Joseph Whitwell Pease
3302,Frederick Fryer,John Pease
3304,Joseph Gibbens,James Jun Backhouse
3305,Joseph Gibbens,Charles Gillett
3306,Joseph Gibbens,Samuel Jesper
3307,Joseph Gibbens,Thomas Pease
3308,Francis Gibson,Edward Pease
3309,Francis Gibson,Gurney Pease
3310,Francis Gibson,Henry Fell Pease
3311,Francis Gibson,John B Pease
3312,Francis Gibson,Joseph Whitwell Pease
3313,George Stacey Gibson,Rebecca Beaumont
3314,George Stacey Gibson,George Stacey
3318,Charles Gillett,Jonathan Gillett
3319,Charles Gillett,Thomas Pease
3320,Charles Gillett,James Sessions
3321,John Gillett,Charles Gillett
3324,Burwood Godlee,John Hodgkin
3326,Burwood Godlee,John Rickman
3327,Burwood Godlee,Priscilla Rickman
3328,Burwood Godlee,Jane Reynolds
3329,Burwood Godlee,R P Rickman
3331,William Jun Grimshaw,Francis Brown
3334,Anna Gurney,Joseph Pease
3346,Henry E Gurney,Andrew Johnston
3347,John Henry Gurney,H Birkbeck
3349,John Henry Gurney,Edward North Buxton
3350,John Henry Gurney,Thomas Fowell Buxton
3351,John Henry Gurney,Anna Gurney
3352,John Henry Gurney,Henry E Gurney
3353,John Henry Gurney,John Gurney
3354,John Henry Gurney,Samuel Gurney
3355,John Henry Gurney,Gurney Hoare
3361,John Gurney,Andrew Johnston
3367,Samuel Gurney,Andrew Johnston
3368,Daniel P Hack,John Barton Hack
3369,Daniel P Hack,Samuel Tuke
3372,John Barton Hack,Samuel Tuke
3375,Cornelius x Jun Hanbury,Daniel Bell Hanbury
3379,Charles L Harford,John Harford
3381,John Harford,Summers Harford
3383,Edwd Harris,Algernon Peckover
3384,Edwd Harris,William Peckover
3385,Edwd Harris,John T Shewell
3388,Henry Harris,Algernon Peckover
3389,Henry Harris,William Peckover
3390,Henry Harris,John T Shewell
3391,Lydia Harris,Algernon Peckover
3392,Lydia Harris,William Peckover
3393,Lydia Harris,John T Shewell
3399,George Head,Edward North Buxton
3400,George Head,Henry E Gurney
3403,Sarah Head,Edward North Buxton
3404,Sarah Head,Henry E Gurney
3408,H Headley,A Janson
3409,H Headley,William Janson
3410,Henry Hipsley,Isaac Robson
3412,Henry Hipsley,Samuel Tuke
3414,Gurney Hoare,Edward North Buxton
3415,Gurney Hoare,R Barclay Fox
3417,Gurney Hoare,Henry E Gurney
3419,Gurney Hoare,John Gurney
3420,Gurney Hoare,Samuel Gurney
3431,John Hodgkin,Jeffrey Lucas
3432,John Hodgkin,John Rickman
3433,John Hodgkin,Priscilla Rickman
3434,John Hodgkin,R Rickman
3435,John Hodgkin,R P Rickman
3437,Thomas (1) Hodgkin,Samuel Beck
3438,Thomas (1) Hodgkin,Burwood Godlee
3439,Thomas (1) Hodgkin,Edward Lucas
3440,Thomas (1) Hodgkin,Jeffrey Lucas
3441,Thomas (1) Hodgkin,John Rickman
3442,Thomas (1) Hodgkin,S W Wright
3443,Thomas (1) Hodgkin,R Rickman
3444,Thomas (1) Hodgkin,R P Rickman
3445,Thomas (1) Hodgkin,S Rickman
3446,Mary Horsnail,Charles Horsnaill
3447,Mary Horsnail,W C Horsnaill
3451,Robert Howard,Joseph B Braithwaite
3452,Robert Howard,S Braithwaite
3453,Robert Howard,Alfred L Fox
3454,Henry Hunt,Edward Ash
3455,Henry Hunt,Robert Charleton
3456,Henry Hunt,T Hunt
3459,John Huntley,Joseph Huntley
3461,Jonathan Hutchinson,Edwin Bracher
3462,Jonathan Hutchinson,James Bracher
3465,A Janson,J H Tuke
3467,William Janson,J H Tuke
3469,Samuel Jesper,Charles Wilson
3483,John Jowett,John E Wilson
3484,Robert Jowett (2),John Pease
3485,Robert Jowett (2),Isaac Wilson
3486,Robert Jowett (2),John E Wilson
3489,Alfred Kitching,J Cudworth
3490,Alfred Kitching,William Cudworth
3492,John Kitching,Isaac Reckitt
3497,Isabella Lister,Abraham Sewell
3498,Joseph Lister,Edward Beck
3499,Joseph Lister,Samuel Beck
3500,William Horton Lloyd,Charles L Braithwaite
3501,William Horton Lloyd,Joseph B Braithwaite
3502,William Horton Lloyd,S Braithwaite
3503,William Horton Lloyd,Alfred L Fox
3504,William Horton Lloyd,Wilson Lloyd
3505,William Horton Lloyd,S Baker
3506,William Horton Lloyd,Isaac Wilson
3507,William Horton Lloyd,John E Wilson
3510,Wilson Lloyd,Joseph Whitwell Pease
3515,Haggar Lowe,J H Tuke
3517,Edward Lucas,Samuel Beck
3518,Edward Lucas,Burwood Godlee
3519,Edward Lucas,John Hodgkin
3521,Edward Lucas,Martha Lucas
3522,Edward Lucas,Samuel Lucas
3523,Edward Lucas,William Jun Lucas
3529,Jeffrey Lucas,Martha Lucas
3530,Jeffrey Lucas,Samuel Lucas
3531,Jeffrey Lucas,William Jun Lucas
3549,Thomas Marriage,Marriage Wallis
3551,William Mattravers,John Sanderson
3554,Edward C May,Elizabeth Tuckett
3555,Edward C May,Francis Tuckett
3556,Edward C May,P Debell Tuckett
3558,Francis May,W Dillwyn Sims
3559,Francis May,Elizabeth Tuckett
3560,Francis May,Francis Tuckett
3561,Francis May,P Debell Tuckett
3562,Josiah Newman,E P Southall
3563,Josiah Newman,Sarah Southall
3574,Arthur Pease,Henry Fell Pease
3575,Arthur Pease,John Pease
3583,Edward Pease,Henry Fell Pease
3584,Edward Pease,John Pease
3591,Gurney Pease,Henry Fell Pease
3592,Gurney Pease,John Pease
3598,Henry Fell Pease,John Pease
3599,Henry Fell Pease,Joseph Pease
3600,Henry Fell Pease,Joseph Whitwell Pease
3609,John Pease,John B Pease
3610,John Pease,Joseph Whitwell Pease
3615,John B Pease,Joseph Pease
3654,Robert H Penney,John Rickman
3655,Robert H Penney,Samuel Thompson
3656,Jacob Post,Joseph Rosling
3659,Joseph T Price,Nathaniel Tregellis
3660,Joseph T Price,Francis Tuckett
3661,Edward Priestman (2),Samuel Priestman
3666,James Ransome,Robert Ransome
3669,Edward Richardson,Edmund Backhouse
3671,Edward Richardson,Edward Jun Backhouse
3672,Edward Richardson,John Church Backhouse
3673,Edward Richardson,Eliza Barclay
3675,Edward Richardson,J G Fox
3677,W Richardson,G R Pumphrey
3692,S Rickman,Burwood Godlee
3693,S Rickman,John Hodgkin
3697,Joseph Rosling,Samuel Rosling
3705,John S Rowntree,John Rowntree
3706,John S Rowntree,Joseph Rowntree
3709,Joseph Rowntree,J S Robson
3710,Joseph Rowntree,John Rowntree
3712,Joseph Rowntree,W Rowntree
3713,Joseph Rowntree,Hannah Scarr
3716,John Sanderson,Paul Bevan
3719,John Sanderson,Cornelius x Jun Hanbury
3722,Benjamin Seebohm,Henry Hipsley
3724,William Seebohm,F Seebohm
3727,Abraham Sewell,Phillip Sewell
3729,E F Sewell,Joseph Sewell
3730,Joseph Sewell,Phillip Sewell
3738,Edward Smith,Thomas William Marsh
3739,Richard Smith,P Debell Tuckett
3743,William Southall,Josiah Newman
3744,William Southall,E P Southall
3746,George Stacey,Alfred L Fox
3748,George Stacey,Wilson Lloyd
3753,Charles Sturge,George Sturge
3754,Charles Sturge,Samuel Sturge
3758,Edmund Sturge,George Sturge
3759,Edmund Sturge,Samuel Sturge
3768,George Sturge,Thomas M Sturge
3769,Joseph Sturge (Mrs),Cyrus Clark
3770,Joseph Sturge (Mrs),James Clark (2)
3771,Joseph Sturge (Mrs),Joseph Clark
3773,Joseph Sturge (Mrs),George Sturge
3774,Joseph Sturge,Cyrus Clark
3775,Joseph Sturge,James Clark (2)
3776,Joseph Sturge,Joseph Clark
3778,Joseph Sturge,George Sturge
3779,Joseph Sturge,Samuel Sturge
3787,Samuel Sturge,Thomas M Sturge
3796,Walter Sturge,Fielden Thorpe
3802,H Taylor,James Baker
3803,A Thistlethwaite,James Baker
3805,F J Thompson,W S Clark
3814,Nathaniel Tregellis,Francis Tuckett
3838,James E Veale,Edwin Bracher
3842,John Warner,Edmund Lucas
3845,Benjamin Wheeler,Frederick Wheeler
3850,W Whiting,John Whiting
3853,Isaac Wilson,S Braithwaite
3854,Isaac Wilson,John Jowett
3857,Isaac Wilson,John E Wilson
3865,William Spicer Wood,Daniel Doncaster
3867,Arthur Albright,John M Albright
3868,Arthur Albright,Rachel Albright
3869,Arthur Albright,William Albright
3874,Rachel Albright,John M Albright
3875,Rachel Albright,William Albright
3877,William Albright,John M Albright
3879,William Aldam,William Jun Aldam
3881,Frederick Alexander,G W Alexander
3882,Frederick Alexander,Henry Alexander
3884,G W Alexander,Henry Alexander
3888,S  Stafford Allen,Samuel Allen
3889,R Arthington,R Jun Arthington
3891,C Ashby,Abraham Crowley
3892,C Ashby,Frederick Crowley
3896,Catherine Backhouse,Paul Bevan
3897,Edmund Backhouse,R Barclay Fox
3898,Edmund Backhouse,John Hodgkin
3899,Edward Backhouse,Edward Jun Backhouse
3901,James (1) Backhouse,James Jun Backhouse
3902,James (1) Backhouse,Joseph Crosfield
3904,James Jun Backhouse,Joseph Crosfield
3905,Jonathan Backhouse,Edmund Backhouse
3907,J E Baker,John Harlock
3909,Eliza Barclay,Anna Gurney
3912,Robert Barclay,Alfred Backhouse
3913,Robert Barclay,Abram Rawlinson Barclay
3914,Robert Barclay,J Gurney Barclay
3916,Richard Barrett,Jonathan Barrett
3917,John Beaumont,Rebecca Beaumont
3918,John Beaumont,William Beaumont
3924,Eliza Bell,Frederick J Bell
3925,Eliza Bell,John Bell
3927,Frederick J Bell,John Bell
3932,Martha A Binyon,Thomas Binyon
3934,E L Birkbeck,H Birkbeck
3935,E L Birkbeck,Henry E Gurney
3937,Christopher Bowley,W C Bowley
3939,Edwin Bracher,James Bracher
3941,Antonio Brady,Henry Brady
3944,Henry Brady,G S Brady
3945,Charles L Braithwaite,Joseph B Braithwaite
3947,Robert Brewin,William Brewin
3950,Isaac Brown,Francis Brown
3951,Joshua Brown,Lydia Brown
3953,Lydia Brown,William Jun Grimshaw
3957,Sarah Burgess,J F Burgess
3958,Sarah Burgess,Thomas Burgess
3959,Thomas Burgess,J F Burgess
3961,Charles Buxton,Edward North Buxton
3962,Charles Buxton,Thomas Fowell Buxton
3963,Charles Buxton,Andrew Johnston
3967,Thomas Fowell Buxton,Edward North Buxton
3968,Thomas Fowell Buxton,Andrew Johnston
3969,Joseph Cash,Newman Cash
3971,R D Catchpool,Thomas Catchpool
3973,Elizabeth Charelton,James Charleton
3974,Elizabeth Charelton,Robert Charleton
3978,James Charleton,Robert Charleton
3981,x Charleton,Robert Charleton
3982,x Charleton,Frederick H Fox
3983,x Charleton,Thomas Fox
3984,Cyrus Clark,James Clark (2)
3985,Cyrus Clark,Joseph Clark
3988,James Clark (2),W S Clark
3994,Ann Cropper,James Cropper
3995,Ann Cropper,John Cropper
3998,George Crosfield,Joseph Crosfield
3999,George Crosfield,William Crosfield
4005,A Crowley,Abraham Crowley
4006,A Crowley,Frederick Crowley
4010,Abraham Crowley,Frederick Crowley
4015,Henry Crowley,A Crowley
4016,Henry Crowley,Abraham Crowley
4017,Mary Cudworth,William Cudworth
4019,A Dale,William Ball
4021,David Dale,A Dale
4022,William Dent,Henry Hipsley
4023,William Dent,Samuel Priestman
4026,Daniel Doncaster,John S Rowntree
4027,J Doubleday,R Doubleday
4029,Mary Exton,William Exton
4030,Mary Exton,Joseph Sharples
4032,William Exton,Joseph Sharples
4033,John Fell,Mary Fell
4035,Caleb Fletcher,Josiah Newman
4036,Caleb Fletcher,Hannah Scarr
4037,Josiah Forster,Robert Forster
4038,Josiah Forster,William Forster
4040,Robert Forster,William Forster
4043,Rachel Fowler,Thomas Fowler
4044,Robert Nicholas Fowler,Thomas Fowler
4047,Alfred L Fox,Joseph Whitwell Pease
4048,Charles Henry Fox,Robert Were Fox
4051,George Fox,Frederick H Fox
4052,Henry Fox,Elizabeth Charelton
4053,Henry Fox,W D Crewdson
4054,J G Fox,R Barclay Fox
4060,Robert Were Fox,R Barclay Fox
4061,Robert Were Fox,x Fox
4062,Robert Were Fox,Francis Tuckett
4063,Thomas Fox,R D Alexander
4065,Thomas Fox,John Sanderson
4066,x Fox,R Barclay Fox
4069,Frederick Fryer,Thomas Pease
4070,Ann Gibson,Deborah Gibson
4071,Ann Gibson,Caroline Marriage
4076,Francis Gibson,John Pease
4077,Francis Gibson,Joseph Pease
4078,George Stacey Gibson,Deborah Gibson
4079,George Stacey Gibson,W G Gibson
4080,W G Gibson,Rebecca Beaumont
4081,W G Gibson,Deborah Gibson
4084,John Gillett,Jonathan Gillett
4085,John Gillett,James Sessions
4087,Jonathan Gillett,James Sessions
4088,G Grimshaw,William Jun Grimshaw
4094,Henry E Gurney,John Gurney
4095,Henry E Gurney,Samuel Gurney
4097,John Gurney,Samuel Gurney
4104,Cornelius Hanbury,Cornelius x Jun Hanbury
4105,Cornelius Hanbury,Daniel Bell Hanbury
4108,Charles L Harford,Summers Harford
4113,Edwd Harris,Theodore Harris
4114,Henry Harris,Edwd Harris
4115,Henry Harris,Lydia Harris
4116,Lydia Harris,Edwd Harris
4119,Thomas Harvey,Frederick Fryer
4120,George Head,John Gurney
4121,George Head,Samuel Gurney
4122,George Head,Sarah Head
4123,Sarah Head,John Gurney
4124,Sarah Head,Samuel Gurney
4126,H Headley,J F Burgess
4128,W Hewitson,M A Hewitson
4129,James Hills,John Hills
4134,Thomas (1) Hodgkin,John Hodgkin
4135,J Holdsworth,Richard Holdsworth
4138,Geo Holmes,G B Holmes
4139,Charles Horsnaill,W C Horsnaill
4143,Robert Howard,Luke Howard
4144,A Janson,William Janson
4149,Andrew Johnston,Andrew & Jun Johnston
4152,Robert Jowett (2),W D Crewdson
4153,Robert Jowett (2),John Jowett
4156,William Horton Lloyd,George Stacey
4157,Edmund Lucas,Frederick Lucas
4158,Edward Lucas,Jeffrey Lucas
4161,Martha Lucas,Samuel Lucas
4162,Martha Lucas,William Jun Lucas
4164,Samuel Lucas,William Jun Lucas
4168,Edward C May,Francis May
4169,Edward C May,W Dillwyn Sims
4171,E Neave,Samuel Thompson
4173,Thomas Norton,William Norton
4177,Arthur Pease,Edward Pease
4178,Arthur Pease,Gurney Pease
4179,Arthur Pease,Joseph Pease
4180,Arthur Pease,Joseph Whitwell Pease
4182,Edward Pease,Gurney Pease
4183,Edward Pease,Joseph Pease
4184,Edward Pease,Joseph Whitwell Pease
4187,Gurney Pease,Joseph Pease
4188,Gurney Pease,Joseph Whitwell Pease
4191,John Pease,Joseph Pease
4197,Joseph Pease,Joseph Whitwell Pease
4203,Susan Pease,Thomas Pease
4207,Algernon Peckover,William Peckover
4208,Algernon Peckover,John T Shewell
4210,William Peckover,John T Shewell
4211,Edward Priestman (2),John Priestman
4213,John Priestman,Samuel Priestman
4216,John Rickman,Matilda Rickman
4217,John Rickman,Priscilla Rickman
4218,John Rickman,R Rickman
4219,John Rickman,R P Rickman
4222,Matilda Rickman,Priscilla Rickman
4223,Matilda Rickman,R Rickman
4224,Matilda Rickman,R P Rickman
4228,Priscilla Rickman,R Rickman
4229,Priscilla Rickman,R P Rickman
4234,R Rickman,R P Rickman
4241,S Rickman,John Rickman
4242,S Rickman,Matilda Rickman
4243,S Rickman,Priscilla Rickman
4244,S Rickman,R Rickman
4245,S Rickman,R P Rickman
4246,Isaac Robson,J S Robson
4248,Alfred Rosling,Joseph Rosling
4249,Alfred Rosling,Samuel Rosling
4253,John S Rowntree,Sarah Hotham
4254,Samuel Rundall,Sarah Rundell
4256,John Sanderson,Elizabeth Charelton
4259,Micheal Scatterthwaite,S Scatterthwaite
4261,Benjamin Seebohm,F Seebohm
4262,Benjamin Seebohm,William Seebohm
4269,James Sessions,Lydia Sessions
4270,James Sessions,Robert Sessions
4272,Lydia Sessions,Robert Sessions
4275,Abraham Sewell,E F Sewell
4276,Abraham Sewell,Joseph Sewell
4286,Joseph Shewell,John T Shewell
4288,Bartholomew Smith,D Tuke
4290,Ann Snowden,George Smithson
4291,E P Southall,Sarah Southall
4293,William Southall,Sarah Southall
4294,J M Sparkes,Joshua Wilson
4295,L Squire,Edward A Crouch
4296,George Stacey,Rebecca Beaumont
4297,George Stacey,Deborah Gibson
4299,Henry Sterry,Joseph Sterry
4300,Henry Sterry,Richard Sterry
4301,Henry Sterry,Sarah Sterry
4303,Richard Sterry,Sarah Sterry
4306,Charles Sturge,Edmund Sturge
4309,Charles Sturge,Thomas M Sturge
4317,Edmund Sturge,Thomas M Sturge
4318,George Sturge,H J Sturge
4319,George Sturge,Samuel Sturge
4321,H J Sturge,Walter Sturge
4322,Joseph Sturge (Mrs),Barnard Dickinson
4323,Joseph Sturge (Mrs),Charles Sturge
4324,Joseph Sturge (Mrs),Edmund Sturge
4325,Joseph Sturge (Mrs),Joseph Sturge
4326,Joseph Sturge,Barnard Dickinson
4327,Joseph Sturge,Charles Sturge
4328,Joseph Sturge,Edmund Sturge
4330,Joseph Sturge,Thomas M Sturge
4336,Edward Thomas,George Thomas
4339,Elizabeth Tuckett,Francis Tuckett
4341,Elizabeth Tuckett,P Debell Tuckett
4346,Francis Tuckett,P Debell Tuckett
4347,Frederick Tuckett,Elizabeth Tuckett
4348,Frederick Tuckett,Francis Tuckett
4349,Frederick Tuckett,P Debell Tuckett
4355,J H Tuke,Samuel Tuke
4357,W Tuke,D Tuke
4358,Ann Tweedy,William Tweedy
4360,James E Veale,Richard Veale
4361,James E Veale,William Veale
4363,Richard Veale,William Veale
4367,Charles B Warner,Septimus Warner
4368,John Warner,Charles B Warner
4369,John Warner,Septimus Warner
4372,Alfred Waterhouse,John Hodgkin
4373,Alfred Waterhouse,R Waterhouse
4374,Mary Waterhouse,Paul Bevan
4376,Lucy Westcombe,Thomas Westcombe
4378,Benjamin Wheeler,Samuel Wheeler
4382,Charles Wilson,Joshua Wilson
